,label
0,-19.574191082888323
1,-43.69635897088256
2,86.48322254067659
3,-17.13425498053867
4,66.71331413313064
5,-131.19758907784743
6,-56.36309002583982
7,163.1494579376481
8,65.4969440158791
9,-45.05821770441851
10,42.626565141676146
11,-81.62604867492921
12,26.236149258984746
13,12.947402277877645
14,36.41927129480017
15,-3.5522825406490326
16,126.35047135698387
17,-0.4436264864842232
18,-52.09453649058603
19,-39.88629952645023
20,-159.03094821096272
21,33.95208627736339
22,58.565875733806436
23,98.65228733508721
24,-60.23534991741891
25,67.81287281007762
26,-43.04090091051408
27,-36.488244475955234
28,-82.25205097414785
29,69.64735570383908
30,-35.90952568368312
31,-118.15841595611977
32,-9.83254304952258
33,92.68713789892273
34,-72.5022270826275
35,-44.09785551501281
36,-109.86738345789463
37,96.43612814511792
38,4.436679167546415
39,-28.095596147552293
40,100.75357921532904
41,-34.78773717789549
42,-81.36849004938873
43,24.536638922249615
44,-94.19323428334825
45,170.51722977285712
46,-0.9746400080070479
47,83.46507448523678
48,-30.63072544275813
49,-76.53853911865686
50,-24.646060235483226
51,-70.13284548970348
52,20.89867497671276
53,61.15495542643864
54,-18.473389773139104
55,100.50339536938577
56,-136.74527183668872
57,-33.359674641102195
58,-8.77243458729461
59,-2.2327327205301697
60,19.97309103060186
61,-120.96918707728352
62,42.00854238697942
63,35.696523048918046
64,24.089630872899882
65,73.68132403549673
66,10.89931460741513
67,142.91616163303476
68,5.404083330578229
69,112.85396193989219
70,22.06794728626288
71,57.68395867753891
72,66.79729130701833
73,67.06122972447955
74,-38.50773867083239
75,25.520707868705284
76,-28.901409890427512
77,123.87729775267887
78,74.59706348987079
79,20.781349401751815
80,-75.07820128967107
81,100.91364207581267
82,-12.312408171931768
83,-34.54357224911504
84,91.67796306635773
85,-46.25755301841201
86,-44.038235559523
87,36.1853364101589
88,23.625905316924065
89,-63.89984688372693
90,28.93338036553481
91,40.88030144450689
92,64.84679546861587
93,65.9365425186345
94,57.3594536410855
95,-8.84220002149296
96,-168.0297294559669
97,12.004635369775851
98,41.782537438082635
99,66.20042966751278
100,92.45835697127154
101,-63.736683539489825
102,3.9237338860430997
103,-111.52240552532666
104,-60.5691012346445
105,-133.23541771366283
106,7.2431875423072185
107,-134.8944133898622
108,87.73694814231008
109,92.63768633918764
110,-95.71460823650675
111,-5.53030802459827
112,11.19221438886815
113,-203.34194666171297
114,-53.089158718175376
115,-45.744446657376756
116,-36.4636324243324
117,-4.763424727284084
118,-90.53643680217392
119,32.9142526277344
120,0.03074890533345176
121,5.785194528828529
122,10.976467940237077
123,-25.724785450769883
124,66.33136581763253
125,56.23916667252351
126,-41.45236733449286
127,101.80749783980654
128,-53.04378093226396
129,-94.31926887575236
130,27.793408534814123
131,55.69921514716289
132,84.25155933794875
133,-22.194180674401153
134,-91.63799390270098
135,-112.9918791010558
136,-93.38952259682483
137,96.88125035745773
138,-20.05090128237033
139,46.636106969105676
140,151.07416010282518
141,24.382928781334975
142,-93.91830330239159
143,132.66737297409117
144,-25.660879848081002
145,-33.6248739993566
146,11.53878833293194
147,-125.21822489865765
148,52.11706435314188
149,63.02394141446385
150,-19.029451086183435
151,-38.13583005380303
152,58.1654175814008
153,-19.119719578431372
154,68.52196851904506
155,-31.94337652220342
156,-15.440831855424136
157,139.82622452087745
158,-128.15471116991324
159,-77.87770420888634
160,96.91140055985512
161,-39.23643397990199
162,-30.867070164229876
163,74.7076357919661
164,85.33094016763962
165,-52.919866954383906
166,63.56241263650894
167,154.6227665778483
168,-91.85611594569183
169,-68.52953601073926
170,-113.98117404012575
171,-3.6047391759805483
172,60.79305623293787
173,14.617452325534027
174,-165.02918720511676
175,-86.02888646866998
176,-78.7369619698585
177,-77.25783534310263
178,-13.304602101569223
179,5.905295875114021
180,39.971869224482354
181,91.82469714768932
182,-144.11730965027277
183,99.74659196691921
184,16.39400137193904
185,-16.43534137055963
186,-46.64724720449039
187,44.65247752372997
188,20.95205354829102
189,151.09208427187966
190,-116.60708617793456
191,76.1362407044772
192,168.97198794411085
193,84.89572828112358
194,-33.35343759643579
195,94.68132958038109
196,-5.474965843073308
197,-57.322680080582025
198,-72.19856518739971
199,-18.510421912319632
200,118.51042863925619
201,-128.62955313226817
202,-4.585506093502012
203,-84.19523427143822
204,-38.72569973161574
205,-58.90895359084456
206,24.63069944945991
207,-18.6927088816586
208,-84.59614260253502
209,-6.7647812584493945
210,36.53945399941848
211,144.9426152164085
212,67.2496587297421
213,22.89007555814573
214,60.376048817488
215,-18.61420721622413
216,54.301432466161216
217,-15.388486962407516
218,210.46469557457246
219,-195.79603369985932
220,-53.301420415171435
221,143.60198163523023
222,65.39871757348553
223,65.20535591288
224,48.874533652415366
225,3.333611992085993
226,74.70899771289307
227,-90.96768541494416
228,-29.454680918648005
229,35.451364881621224
230,-2.6915770608683585
231,83.42792936719182
232,-79.90384834747964
233,5.7010717029457645
234,10.277245374711544
235,-71.95510499490238
236,92.86917572714613
237,-81.55809699639074
238,143.17626716227397
239,-1.5526116956968088
240,60.62580636534944
241,77.96220093357782
242,-49.18116095694111
243,25.204930265229088
244,-60.01897547535478
245,-14.79999472434756
246,-61.690660409891116
247,-8.1710832865753
248,-88.86589266485329
249,-76.64887142853546
250,-55.66917803526465
251,8.36564194363068
252,37.42364903615941
253,130.53731214832922
254,120.85516211059067
255,-4.435808247471787
256,-108.1250136523238
257,19.872821658343796
258,1.2465085255903343
259,-40.090217749201535
260,3.7687032282952844
261,-49.537339739038934
262,0.9758062519283524
263,157.5016875028366
264,14.098745140184306
265,-29.23855925815757
266,55.42896955154453
267,31.198015738789742
268,80.27337833253401
269,101.81425967439463
270,21.68863210887607
271,-84.48788349834834
272,114.20140607276507
273,-26.76720939621595
274,4.64912073954381
275,-117.46395638273103
276,61.39500312124134
277,-64.30636938473425
278,36.536749559047365
279,-19.348210671458958
280,56.46373694451758
281,138.07107956520855
282,-54.47986148883864
283,33.72015397259523
284,85.09262090906859
285,-29.86531183340173
286,-67.59135594516744
287,3.7282631898466647
288,28.034512628427997
289,32.05085678441823
290,47.00064076290459
291,-37.98942704528945
292,-5.037871355816325
293,26.603467296239472
294,26.24007847181819
295,48.39142393907027
296,-79.24701574886578
297,-59.07909830952136
298,-59.97341814567613
299,-142.60925654899324
300,-96.47324429621666
301,85.37543222324891
302,-80.31889092836894
303,-35.477284466881805
304,-99.42486732938727
305,-1.1457195740635275
306,-33.76156009001322
307,112.99274359709514
308,-36.38651456477413
309,31.03031175446648
310,79.39525288554151
311,79.81703126691198
312,26.335224973126245
313,-27.347965451832536
314,-98.62634442555084
315,31.92732585222756
316,31.387789429200936
317,91.94887972433035
318,133.76730116710746
319,200.91705080274573
320,9.725830678352544
321,-35.069508458337225
322,-18.239477434742206
323,-43.116278686839685
324,6.520137973508318
325,43.050352363956044
326,10.110329534200147
327,-75.19247798420953
328,113.77198465149172
329,65.63357921138513
330,-5.689058222672527
331,-67.84635946339719
332,-34.48585147061807
333,-54.16187434593575
334,91.48036421779952
335,17.138504581961953
336,19.456165545551386
337,49.34977393367809
338,-20.297735713997564
339,71.8561461436475
340,16.275234928138033
341,-70.96436988273021
342,-86.6873287229451
343,22.940965184841463
344,145.87825675148838
345,79.5464184144698
346,-27.73554056008362
347,67.94457048160352
348,162.10844937675637
349,-122.31701684803842
350,19.77166248556344
351,-66.31193739191455
352,3.2195698467479392
353,-13.034921459523527
354,142.66750465304992
355,-20.10521463589867
356,-140.33633709197824
357,77.74459012505174
358,-15.262517406102575
359,44.2688460416173
360,-41.02391080769906
361,-10.620837710090898
362,-25.767525347878742
363,-40.93799519395068
364,-50.18751549225222
365,48.452562892901064
366,146.09758136669547
367,109.85067805418564
368,207.54220489522268
369,-139.8470179394709
370,-163.955389381957
371,-55.71046956318147
372,-59.262053932293654
373,-93.05454471954168
374,-119.31163648929741
375,144.6697823346038
376,-32.318576953865694
377,3.767766415037108
378,48.421778926753696
379,108.38805853009606
380,112.42597399332537
381,-31.6691064818983
382,181.14946706859575
383,-77.08741635215537
384,-118.9155827317687
385,-65.77093117715522
386,-62.04824805745442
387,-88.1223818264641
388,-56.91362040831508
389,-236.60466684736687
390,-9.998011343762231
391,213.1116741619996
392,35.28624931913715
393,103.79605827097535
394,-86.4597362401276
395,14.420139377031234
396,-187.472313429475
397,-17.793096545461175
398,8.126244628430644
399,31.095611767012162
400,140.08970894024498
401,44.43608933227783
402,-134.03874388309058
403,71.45854466592725
404,92.02073304761043
405,38.69926353580298
406,154.29863740995222
407,1.5178514530123852
408,-163.9219952407603
409,-29.018285553128894
410,-28.8197877211085
411,105.28252644049073
412,74.13841569397988
413,-55.70307737039939
414,-143.96243057338873
415,14.762666445913485
416,-111.8634919587926
417,34.86013886478567
418,42.64324538245114
419,-57.43991887857653
420,-101.84723839496277
421,-164.3278959639289
422,-150.07559678659717
423,13.050863692969248
424,28.9564835152628
425,90.81633271564029
426,35.299584206770476
427,-13.142903813857384
428,28.111188663811188
429,-21.287823612071033
430,-145.72681777134463
431,84.96269796707755
432,-36.00497374790954
433,82.66910638312206
434,-41.11656378507141
435,-120.52197194897298
436,92.31008785142191
437,189.35336410710147
438,-76.26469694692973
439,-108.68912292222744
440,74.22128675623023
441,41.99804019402975
442,107.75635144428674
443,14.209178248939537
444,87.75431368455847
445,-27.469997666972432
446,65.834776695751
447,-38.60227670371593
448,-7.598779856644082
449,70.64575208554415
450,-50.19545454712686
451,-44.80782756408602
452,37.11734534338451
453,-23.069135457935516
454,-68.05299459134355
455,-0.15372216228144442
456,154.09516288495897
457,-50.20269578557626
458,51.28287388871303
459,-8.223092706071165
460,-10.846497289216561
461,0.5551929969183429
462,18.567989744194847
463,128.33742316162886
464,72.31674015605462
465,0.9891605436995627
466,15.998769723542846
467,87.7185760820461
468,-31.77838073292659
469,-68.14830047162067
470,79.77261612719282
471,47.16307558810241
472,87.01582053730294
473,116.67077409073585
474,54.143223109592135
475,-54.70016211287425
476,-95.78547846368113
477,31.007140161903433
478,61.66272704985313
479,-9.678718580007674
480,98.62190790326957
481,48.45373225611536
482,-88.99823587159554
483,-18.821156634036207
484,-27.254226501080446
485,-39.781766156808075
486,-78.40567535750509
487,168.54029384721915
488,-28.542771847548902
489,107.6712321740615
490,-151.06824045706423
491,75.0329035163611
492,62.49816915831625
493,-80.9291537977796
494,-73.82225673239061
495,-31.710402482030535
496,0.35670856737585543
497,72.9841950910861
498,-17.21754899500799
499,106.4473076893996
500,-51.67392196705856
501,156.50492554167977
502,2.1661513150345533
503,37.7763725972149
504,-111.33104155563782
505,93.60607105608898
506,-124.31815707954054
507,124.22588704683385
508,-82.04196490970361
509,54.00402034266314
510,107.67158084199866
511,-78.73323995246642
512,45.5713166782883
513,63.383875032234194
514,93.88357225463461
515,-13.49489772006612
516,33.59706785507325
517,-133.7695615091753
518,-22.443932049561802
519,-153.4907778343695
520,66.74250163570946
521,-34.79196933504259
522,11.506622023482727
523,21.262973249659147
524,27.95134494042767
525,-205.8478361395675
526,32.45945854564947
527,-91.54907616129697
528,75.2519396004547
529,-6.317946138095476
530,10.417377884196775
531,0.38117582770577574
532,-35.90335322886855
533,-17.90645252637437
534,13.496942680556328
535,-193.10358578545743
536,12.00161798752418
537,-67.18426802463576
538,83.11859081549791
539,59.135578511362944
540,-83.23752714245374
541,33.17946365987262
542,107.10512996330618
543,-69.33234752732993
544,31.279434508817804
545,-91.93338778971425
546,43.30717451224232
547,-52.5173279129855
548,-35.7951399902914
549,34.22997802873904
550,-60.812429218573506
551,-73.68080392794265
552,83.21955092551279
553,-90.35347287855231
554,-29.794069798237476
555,53.08620433484308
556,-69.42709617952207
557,-18.71982644634278
558,-74.65007986920818
559,-45.423213007843245
560,-0.2851186589189152
561,85.32955125988221
562,30.5167494192174
563,-1.6782565730912373
564,-88.37859466502483
565,-38.419951820045654
566,104.85619054540867
567,-213.14728479735797
568,48.585284658261735
569,65.71708588573401
570,13.281826334289484
571,111.38949230813402
572,38.03461008012567
573,-9.298440000296358
574,-29.953959573220825
575,84.02407617574097
576,38.748379520137014
577,181.5932003007304
578,29.188049278335544
579,2.5209256021443025
580,17.40969035896246
581,32.403791620533646
582,-34.88654852136715
583,-48.884300477008665
584,-38.6224467274111
585,-69.91933092042659
586,72.30895304564626
587,-117.39182562408655
588,204.4344529756632
589,-48.60192506317508
590,-17.10531937961528
591,97.77282149722133
592,50.19117756929223
593,-165.9407703130241
594,25.37442541539713
595,-34.77163615572146
596,-41.513053065585844
597,-96.92866504951041
598,8.54245646004535
599,-19.795658805426697
600,47.11675016450559
601,8.203928623818046
602,-281.89514319240885
603,115.04859111492783
604,-8.007874332967958
605,-162.0983481490016
606,-109.74311189023
607,0.9163292349456773
608,24.31235814315248
609,222.87026434460907
610,71.6360212231119
611,-11.299740533041744
612,5.171001512122468
613,-139.60641367102522
614,45.74217697907174
615,27.924458580405883
616,51.634287277688884
617,-141.93113842326528
618,-78.1299216616874
619,-56.16720326280967
620,75.2411860347745
621,28.140043429737176
622,17.23922001697326
623,-90.0540825298537
624,-9.078098240989991
625,-152.33494961248186
626,-45.90788384581918
627,74.20941643601613
628,28.714601639037113
629,-148.74843837258243
630,195.1817262562173
631,-28.70159179323222
632,11.289140945955179
633,67.14205425281324
634,55.74519164971714
635,32.97948034047725
636,32.67034611176239
637,0.7167906371042894
638,-67.19848532626195
639,-111.35347047408018
640,76.27823234194793
641,-36.6378362894548
642,98.01005040143471
643,-25.978288072452138
644,23.12644990814891
645,-15.018067810823403
646,-94.39345595983711
647,-53.532740862304195
648,-24.710332802738765
649,-29.70843585309324
650,-21.79992098790891
651,35.03118991501188
652,-26.310299625569243
653,89.98450915251149
654,87.11709599397611
655,-49.209208377986386
656,21.343853268335913
657,190.40246218632345
658,-72.15822765660484
659,-10.806335443369509
660,-109.8600805000756
661,-101.07377735197329
662,125.98116959510055
663,-19.761991685910758
664,79.5980566983983
665,-16.496258449032453
666,-103.21336813472153
667,-26.324794662232826
668,5.210505728952319
669,-53.69821115952641
670,-42.224286432606114
671,22.83183611350773
672,45.470141378836104
673,10.055709278420563
674,37.17347754457278
675,31.288370562699058
676,-12.289332850568016
677,-92.45474857532047
678,2.865483735864221
679,-43.224544551256415
680,-149.70197112875684
681,-34.78540452147423
682,66.03522614497827
683,-55.36978535055764
684,-126.88468039683936
685,111.2908665549767
686,39.34292254881763
687,-5.556671745396468
688,-27.80173341665814
689,147.78456599694093
690,-30.325327733345862
691,-117.87657826973924
692,114.25193968069202
693,49.901048213188645
694,37.523500812110385
695,32.3852356010736
696,-75.30973077723517
697,69.4163693457242
698,48.19309331557761
699,-0.40091945693031095
700,9.745520235445538
701,-6.167035366023571
702,80.80642369199721
703,-126.42029593031084
704,-13.408919056846361
705,-54.57385920070573
706,-72.88525810925694
707,-42.65743929210151
708,102.64038264015929
709,-78.30941056520187
710,98.60596826057036
711,-53.71633820335878
712,-126.18324347273484
713,73.18554661429776
714,109.52633235175752
715,-49.62594880871633
716,87.89723848867622
717,-34.88980940089556
718,42.69161166340172
719,35.643611900216314
720,17.093482475137453
721,-107.85618346643268
722,75.83265646368628
723,105.58247590684216
724,127.98762529779479
725,35.61989388656679
726,155.7906326705743
727,24.8279933512549
728,-64.04943690849699
729,141.81386700618862
730,52.0868262367412
731,68.01540270692468
732,-134.22535323160443
733,-72.03373705099027
734,194.9835604746292
735,86.47220635314305
736,-193.62174589303092
737,-4.175479167666914
738,17.58138506877342
739,-14.401014458811844
740,-79.61463427296785
741,40.58668949678922
742,-57.16400381687097
743,112.44171512252457
744,-51.956411114928876
745,-83.08565556325348
746,138.32056760081664
747,-48.92616063964234
748,29.435215539205476
749,104.25444970761744
750,-153.72933631867772
751,64.55986888760096
752,-69.47571436139664
753,130.9805146319205
754,14.134199109900955
755,19.187162918135073
756,29.465894774298572
757,-44.106753902194164
758,2.0567242476937673
759,117.17891475428144
760,12.164166738734018
761,-58.522824251931944
762,-55.283099142937594
763,118.3500209518481
764,101.18573446074622
765,34.13099723755074
766,-152.42976121520903
767,70.75263294245322
768,26.503306117937328
769,46.08625190044165
770,-125.49060193604491
771,83.29098890541805
772,37.16560948553401
773,-27.828827558699405
774,51.75169057702446
775,-119.62451549923064
776,-19.14227050742344
777,-81.31981528051406
778,12.675975612035241
779,-3.927447287488484
780,107.26128058056524
781,93.48087333911819
782,-139.5090054629838
783,54.009330842261505
784,-39.97539656581358
785,-32.81009784453421
786,-97.64560774440326
787,-133.8096931539174
788,83.95429269039519
789,-101.33183373309235
790,-131.23018635550963
791,-168.6749716080189
792,-100.59623658419689
793,66.40427286254784
794,-131.77557964829276
795,-8.647480990182146
796,32.089673685271464
797,144.52373823842228
798,45.170143485057615
799,2.3520512502694384
800,-22.98599187267681
801,131.8059750315043
802,28.35919810419798
803,81.80049206226103
804,-78.29130382893796
805,66.64907822700911
806,87.21493546652057
807,104.04979280646529
808,-12.82537564353763
809,182.10721914060784
810,21.029498522285632
811,23.863799713398766
812,77.18773600197822
813,19.225724800253925
814,38.23859373112935
815,44.62706741029962
816,62.723645076844164
817,123.0923472011521
818,55.520991734734764
819,-87.17235501888142
820,107.98775056963333
821,85.44256522121039
822,-141.6081601002144
823,-137.46000406065335
824,60.19213627623835
825,73.22012350436067
826,-97.67475645391451
827,51.059302926367984
828,-37.4398929743025
829,-5.732153676680605
830,246.17094697888228
831,-32.89284017863769
832,11.498868651913012
833,-91.60924436623958
834,-26.45232335746493
835,-36.892909247163885
836,17.821580456743273
837,-32.71103715811585
838,-27.784448300119728
839,23.47822685079357
840,22.894621853861658
841,-50.34594028856645
842,-36.97362868171611
843,-34.91579619900013
844,-17.3943452510939
845,132.1019372459653
846,79.24835302503249
847,164.62137960991055
848,-97.96639105128881
849,-40.82890580312195
850,43.88324912705774
851,19.911066517762006
852,-86.56721174389395
853,-54.39976109852753
854,49.0732400223156
855,-27.82845518482875
856,20.497693690792307
857,-278.6603969769558
858,0.20078882835921563
859,-161.68905375300767
860,-35.90276253119805
861,-128.30346119122646
862,-56.523801888445895
863,-33.76641034376048
864,-40.96203955098929
865,16.706955461920188
866,-2.695525292605884
867,32.149387643805696
868,16.508496085443255
869,-38.063702919582596
870,0.08839792939581148
871,-9.039728235394229
872,-76.57127364566992
873,76.75369580126564
874,-26.712801063642797
875,-122.24331648367956
876,86.90903995602115
877,-129.90508247808017
878,131.52476792717013
879,-2.2453860829007524
880,-16.63513973739562
881,114.71109007105879
882,127.1976895289943
883,-9.48189059556068
884,8.973089023536694
885,-78.77774857231192
886,50.14885017620832
887,-149.84412744407487
888,56.23918046817572
889,52.089110774615534
890,48.94684290737815
891,110.02774063066603
892,-45.595092648721746
893,44.01793183416831
894,34.889854264528815
895,-16.939140984682197
896,-99.67819854393407
897,-13.45474468831149
898,-7.732318883534363
899,5.9232479576182255
900,-44.612274185062816
901,83.92517867954875
902,51.54194961678774
903,106.59966279604478
904,30.808654102149088
905,48.43619357015205
906,-60.35687679708234
907,121.93040202317783
908,112.05373680782797
909,23.994686778041693
910,-50.29548214577291
911,-50.24479897505611
912,6.779296568481724
913,-4.112451722607268
914,-32.26255876448642
915,2.1373778934498597
916,86.47576629100918
917,134.1417495256895
918,-101.34833584668195
919,39.504397476444716
920,3.380118322285332
921,-87.33517814103409
922,42.01924232991367
923,37.71787185130354
924,14.387175511080095
925,-34.83069122720851
926,69.05194082012457
927,31.281641737043415
928,-7.1987702015922075
929,-113.53756801548344
930,92.14299007643798
931,-87.86700891769172
932,74.07958950480587
933,70.86779873309969
934,106.23731289431485
935,-6.8976076472945405
936,-54.33633672333611
937,102.6819750658349
938,53.09839652497092
939,63.56011478857939
940,-121.05863474581433
941,16.59030559818118
942,-28.795226922273347
943,-41.877562809919546
944,-43.65894301477336
945,-108.37810036932326
946,-81.8341493672045
947,-25.185370956019437
948,-27.025139017573707
949,24.02278480984754
950,122.8657459549847
951,16.445821963775703
952,89.2879215861748
953,-61.597097017242525
954,2.364770435360012
955,-21.502053204946204
956,-88.15073272639893
957,-38.779071006573645
958,-81.40049653188026
959,-105.65125817469256
960,-52.97010806134097
961,-65.17077180918116
962,48.194736345450245
963,41.706280120121384
964,60.47686236699034
965,-55.46357399360655
966,-2.8141253758202898
967,-25.218184765151893
968,-62.008665775562996
969,91.0299535824897
970,-21.39360463017609
971,51.14992397895311
972,-150.56347873523796
973,39.82506266124604
974,23.132475434076415
975,82.61135462517858
976,-87.50853467538268
977,64.8061458775528
978,83.2258643779993
979,49.047965646897865
980,108.92150128339563
981,-105.7936731154629
982,-41.77200961601517
983,24.182085075514472
984,-12.58984493995035
985,-70.77634005918728
986,-117.80261329135733
987,14.515107618918782
988,-27.45430140520522
989,65.18543213961878
990,-55.31051487999257
991,-8.987787879455627
992,-71.32989957222242
993,93.74846425353473
994,-88.17039540607979
995,-35.65809134916077
996,124.45530730813924
997,-62.698328718785255
998,82.30998114992512
999,11.698111495140129
1000,-10.146755194224818
1001,102.49586184334973
1002,-68.77691136872855
1003,-5.088667927522225
1004,-91.5544253274653
1005,8.348781277123026
1006,45.05183443587626
1007,142.87014529096666
1008,-15.06196008148186
1009,26.17713498963654
1010,-60.235262833632284
1011,56.7136126402278
1012,-118.30990305051748
1013,63.73435622363273
1014,-107.134864809881
1015,161.342948140167
1016,4.204407837838011
1017,-76.26039398896593
1018,94.92234061760696
1019,-73.17311229308942
1020,11.086990073228923
1021,-1.4980703601189567
1022,-12.98026425719322
1023,34.49589464078353
1024,-48.8089423121309
1025,-97.5726827589203
1026,68.04538090707491
1027,15.042025552812316
1028,157.62652923580734
1029,-1.6318845839080285
1030,72.98162144959369
1031,166.67611160408427
1032,-38.71009061238402
1033,-10.148091680174531
1034,16.51265547236656
1035,-32.69466974305901
1036,-16.604649765714544
1037,105.28684726644289
1038,10.57355682135342
1039,-91.71779512672121
1040,-97.06902792542064
1041,-84.79329355985429
1042,-19.7999018562476
1043,-178.28965407575188
1044,-54.070846967568286
1045,-99.92989206735547
1046,-43.87911478545548
1047,87.40498270974513
1048,57.36015596221002
1049,69.66017244984143
1050,-21.280174653018307
1051,5.642822275877996
1052,133.2710626346608
1053,-99.73174820522078
1054,-6.26342897436815
1055,22.767190471103337
1056,53.01557700655597
1057,43.40991773384207
1058,83.09393527117606
1059,16.37938617364369
1060,-26.09894970920578
1061,-91.62429087820365
1062,-93.59398761089172
1063,13.644039025503494
1064,1.3224986982167342
1065,-24.635774196128942
1066,-191.83461295769902
1067,9.342495980130336
1068,-61.58926505122519
1069,132.4704660306961
1070,-23.207396630122048
1071,113.30890052252816
1072,-33.95290523968018
1073,21.374232180452907
1074,-115.82024029593218
1075,-5.869810289654298
1076,87.63836355503466
1077,-140.18834977585402
1078,59.9762642346779
1079,170.7363591117378
1080,-154.701677067857
1081,-87.1764762232097
1082,92.84928704685278
1083,-16.44729804741874
1084,-17.838893639524425
1085,-31.304980286990247
1086,31.14442365084969
1087,-92.89687183503466
1088,-34.66804852838752
1089,113.60033114630828
1090,-58.7444433643586
1091,92.75965645673114
1092,28.914345740696355
1093,15.426144184272886
1094,43.10807975891787
1095,64.73871377735507
1096,-170.5363976061252
1097,31.935076170495208
1098,-112.46532342983802
1099,20.57530524043271
1100,31.275332997489077
1101,17.524571368605443
1102,88.15362494182067
1103,16.642248254099936
1104,-30.608128945636327
1105,80.17094081556588
1106,108.42740115049747
1107,20.384891751407295
1108,85.89937464371357
1109,80.8766844853887
1110,152.55907553150936
1111,44.60452419286434
1112,-54.53693509487882
1113,-67.94555046910722
1114,48.677851862771625
1115,20.173726910655283
1116,-8.707281354074276
1117,21.0709536143684
1118,142.0495117215783
1119,-8.349110992665628
1120,13.248201071790419
1121,71.04647107345231
1122,-80.14631644233789
1123,-27.357086617960714
1124,-80.21231199013708
1125,-25.59807573296907
1126,76.2778184809155
1127,102.88318689262563
1128,132.99339019839772
1129,76.49980970567628
1130,-42.430555255358705
1131,5.272356757803007
1132,0.42802948477718905
1133,-56.860992789856695
1134,26.24622253714274
1135,-35.348654394139835
1136,100.86385976133683
1137,56.75479078044573
1138,-85.34371301613626
1139,-59.74840236909896
1140,112.38507509193302
1141,135.79766709558976
1142,29.298004823837967
1143,5.217637044761613
1144,10.008833522971427
1145,5.282102930934653
1146,-37.887068566274095
1147,-7.525859943529122
1148,-11.972889511636856
1149,60.534196295423925
1150,93.68724345546825
1151,-97.41659706250861
1152,-186.5438939248941
1153,-193.45818679831945
1154,45.841689889646176
1155,89.21617082047051
1156,21.266200532598603
1157,-98.37603248701033
1158,99.57056387225637
1159,50.18250406606463
1160,30.903123404555707
1161,75.86310700303406
1162,-23.663100357427435
1163,83.3944439135303
1164,4.415182531565262
1165,33.855316742456715
1166,-129.41906501032355
1167,-48.29859490886575
1168,-51.99334265658652
1169,-24.96747670058488
1170,-107.5395720048239
1171,3.159523694892856
1172,155.12579464882938
1173,-88.36128438995283
1174,-17.254295517362788
1175,71.12905778633244
1176,45.15845287878289
1177,-42.290061486372096
1178,31.959089639033547
1179,-50.33920205439992
1180,-140.01412694065613
1181,95.40929921956875
1182,102.35199484293288
1183,-27.595096958252565
1184,-153.79230016237483
1185,82.68329134397862
1186,-48.28647033764776
1187,-51.275657075256895
1188,23.29658400856105
1189,-22.182816068625623
1190,107.56926179350093
1191,46.56477850856406
1192,1.2862195104416778
1193,-67.86170806364352
1194,-97.01985106431025
1195,-59.43369959624828
1196,-69.95369353043199
1197,9.412179522063083
1198,43.15124358400754
1199,15.264139895588153
1200,101.43933855800414
1201,83.03127218596704
1202,-89.67821237124984
1203,103.7277491522572
1204,-109.29754191908178
1205,71.95099895235457
1206,37.04335508499063
1207,-61.554466867101134
1208,-9.779711810250033
1209,-7.513731287293814
1210,-14.106091347169556
1211,88.71204309695815
1212,58.585324252098395
1213,-77.18516857520372
1214,-103.91643128502608
1215,-26.671791485017796
1216,72.68364200784251
1217,58.54701573841295
1218,-18.13045265794201
1219,-39.57702177680796
1220,-119.2480166815501
1221,122.00197375838154
1222,-95.5202795291223
1223,105.66593595103694
1224,-30.685067364185553
1225,-84.51542712652996
1226,-35.965200864406455
1227,-53.10369237854229
1228,132.69719487172878
1229,26.917202828324385
1230,-23.66755112566727
1231,-41.63413319497318
1232,-72.91719601171246
1233,-2.2128584290596947
1234,53.85726816512343
1235,-39.66798500499438
1236,-48.08110202096051
1237,103.46330221284882
1238,-89.9362308834168
1239,-37.88439255929926
1240,34.431598608018675
1241,-51.565555620513535
1242,37.381936305753555
1243,-33.042648556166725
1244,149.80099308504367
1245,51.56218622105563
1246,-170.147148901239
1247,183.02394846981161
1248,-119.88919661175964
1249,75.92014659208489
1250,-24.864788600742997
1251,-148.38363479099732
1252,-46.21950928521861
1253,-5.899789230907052
1254,63.19068187961634
1255,-95.74326065456543
1256,93.78523675691676
1257,-34.80102527701713
1258,0.06657079371424324
1259,51.558412189713444
1260,-52.44026647966023
1261,-82.88597231474542
1262,-70.24186707455505
1263,-231.10916595447853
1264,17.976412967325846
1265,-129.10560403928898
1266,-109.01039258812031
1267,129.564999261358
1268,47.005541061910215
1269,8.532411682293935
1270,183.14095989810122
1271,-19.814378544918927
1272,42.07154539659458
1273,138.51698339477008
1274,129.00078604334428
1275,-64.19502961261897
1276,-6.3156862953223065
1277,120.70593272876144
1278,109.67304099780553
1279,-34.328829831552646
1280,50.09791555583898
1281,127.21772799627786
1282,170.26680388616793
1283,92.21389212990141
1284,-29.26473909209199
1285,42.85284075146272
1286,-44.1910633801953
1287,-84.23436511134338
1288,51.31487069418128
1289,53.0595992056566
1290,-111.96398818416411
1291,-41.502804396436126
1292,-82.89917967075218
1293,108.25906654823807
1294,64.554293558835
1295,-47.34898094721861
1296,39.74539227507601
1297,-120.8277440049486
1298,47.90001781388444
1299,-179.3816642132973
1300,-37.44486876095786
1301,25.979609291713835
1302,17.4521167426455
1303,-97.92007144179306
1304,51.30062815470734
1305,-149.0075239494732
1306,31.413076520983928
1307,-75.19757803036579
1308,175.63538373144834
1309,-53.201621890941546
1310,34.31945932981219
1311,-109.67419129421445
1312,-54.74074596242673
1313,93.11584344960822
1314,-70.91053311930744
1315,96.25393886845923
1316,34.14206859863948
1317,16.09228325804648
1318,-29.014393246452943
1319,-86.69623575295171
1320,-146.53428299302334
1321,31.588411414958664
1322,219.26329586612812
1323,-145.102319848751
1324,124.81190487764941
1325,6.650506807303549
1326,121.23710901862066
1327,-100.81892194913615
1328,-105.94209307888666
1329,44.84789680192866
1330,14.77144476334278
1331,8.697184989405182
1332,-46.725281834228745
1333,199.34121882111663
1334,66.59735764098397
1335,-109.21990415503976
1336,-49.62015656618795
1337,63.64227858885268
1338,48.98695357036947
1339,-146.36043801983112
1340,-89.34397661047684
1341,-106.52083228302813
1342,35.459011914957344
1343,43.82036397179117
1344,-31.09177049949074
1345,91.53259902676537
1346,54.08465028971676
1347,-47.66414007888217
1348,26.37473797692862
1349,121.45402147146855
1350,-6.352088366338796
1351,-37.94836313108581
1352,-21.49457956437626
1353,-19.93773811981693
1354,-57.94584081878464
1355,-93.49349805977745
1356,-28.366668606793194
1357,81.4224708725195
1358,6.500820374795872
1359,91.46886790857474
1360,1.7144270786398006
1361,122.29747751705611
1362,-27.843827012382413
1363,-26.527941428990882
1364,14.325325970044503
1365,14.675634570552774
1366,86.81649219363796
1367,-36.72989470989893
1368,59.844961429814454
1369,63.94443974288427
1370,20.524059992996786
1371,5.641069669118198
1372,-42.73633633271521
1373,14.118688224648656
1374,-8.888022477286837
1375,-103.06796846396384
1376,-19.64172505137486
1377,77.54706902577374
1378,15.266093086270574
1379,-98.95619039365585
1380,-7.575093277590108
1381,-68.64168224756664
1382,70.36926882789912
1383,73.4781527297774
1384,-39.9668477730429
1385,-90.75073737120891
1386,65.13323529303499
1387,-43.080951454841006
1388,48.62782394819977
1389,-46.09089839160707
1390,82.08979226149884
1391,-60.12047798155068
1392,-51.18162426978377
1393,91.70580235455769
1394,-64.49352518433443
1395,4.834075247557789
1396,79.16407795188424
1397,-124.50641796599128
1398,-27.82588411286413
1399,-147.331904145538
1400,116.42191539143698
1401,-74.0448229964093
1402,20.910923064615723
1403,94.24030839018702
1404,-60.555671473732396
1405,-47.83893103369167
1406,-50.73947574572824
1407,89.13416901945656
1408,-82.9128278017893
1409,-18.201734057940566
1410,-2.400825671518063
1411,128.6872655573829
1412,-34.57230511260838
1413,92.69921267933529
1414,-20.275087993681158
1415,-24.331007096271463
1416,89.50853122767707
1417,-163.67159098274564
1418,33.800028581094985
1419,-70.04103964538017
1420,-51.20753573872182
1421,76.46414936358177
1422,40.0946221342617
1423,19.943420987558174
1424,-15.86615642089799
1425,151.30447659677435
1426,-111.96905357467898
1427,-47.12682339599653
1428,7.194075533064174
1429,-69.74585829626561
1430,-10.219333106649838
1431,131.07060782991894
1432,60.62363013753249
1433,42.02931575245141
1434,46.327342733287786
1435,-30.483346062984342
1436,-10.997625677546228
1437,-30.590242946458257
1438,154.69024470355575
1439,142.20402682591285
1440,8.879815731688872
1441,-180.88565535311707
1442,133.9471422800676
1443,-12.076118299473587
1444,212.7884580627325
1445,-39.7869562096939
1446,-76.62606471964281
1447,-29.031288370232676
1448,120.69255860792153
1449,-5.9550803464427435
1450,185.13932072462384
1451,-84.55805861472612
1452,123.78578115427584
1453,19.77345746199859
1454,-105.74436078804365
1455,42.58325068300185
1456,-19.294845185141842
1457,0.5270033366568496
1458,16.67817496725049
1459,110.58621698944265
1460,-96.18127420233891
1461,8.604313479562485
1462,-24.84571661516257
1463,99.64161474826086
1464,-15.694768701309147
1465,1.708181226343242
1466,-80.37688500593549
1467,-56.804493979921126
1468,204.34139649819173
1469,-114.98575343119099
1470,-46.18109879296953
1471,-190.68286520194087
1472,134.15723930973127
1473,11.476325058921168
1474,-81.55748554850737
1475,-23.919970498327395
1476,-125.53058587910574
1477,75.74570925948626
1478,61.06597032946251
1479,-21.529246109891485
1480,-75.36948323830194
1481,24.25751441107751
1482,-1.6295321894694674
1483,-41.15973635983193
1484,-49.9680198144695
1485,-13.481360874907708
1486,13.655537916142032
1487,-3.8363678629436406
1488,47.386123509160626
1489,222.14777573583368
1490,24.495012233035208
1491,-116.80838335900543
1492,-62.19189111217768
1493,-14.796431505489888
1494,-67.82281429189261
1495,-28.06549044551713
1496,137.60162408472408
1497,-157.99357125974194
1498,61.20820644439493
1499,143.36197187789855
1500,-69.29679981566903
1501,-8.935912204244
1502,24.999855272562407
1503,-85.38712372045487
1504,-32.10662437530554
1505,83.00316844210283
1506,-115.47156836730028
1507,-39.7309278143255
1508,72.93435752740102
1509,-114.63234977532547
1510,-14.072922434930096
1511,-17.77285283711945
1512,-79.08039739073124
1513,66.67531144125513
1514,-13.184829353494838
1515,-81.4911750381454
1516,91.63097377511488
1517,37.00814181993162
1518,37.219237680702506
1519,-23.637295938928403
1520,141.41737479467088
1521,68.95467113558564
1522,67.6194153602594
1523,-64.48192050598715
1524,-25.994846272440935
1525,-44.75061717471393
1526,89.68134412361474
1527,-58.547510007875935
1528,30.124112827037873
1529,-0.19343395579171263
1530,93.07437600589085
1531,2.680411089784964
1532,30.11159226329326
1533,94.89973656071156
1534,-32.7937649051669
1535,-100.0279145284072
1536,-57.416902163943625
1537,58.768231191906104
1538,24.61654025047305
1539,-22.94929087645778
1540,-45.03792461578995
1541,57.68227336711461
1542,-30.316310575882678
1543,22.16695476872653
1544,-44.14046388853457
1545,4.296442886350603
1546,-106.46045662240843
1547,-169.33469566345462
1548,-74.36148091052176
1549,-80.81821849343896
1550,-18.166679640823567
1551,-49.998064935717544
1552,18.615703737687337
1553,97.82207024412028
1554,1.3905056969366711
1555,20.33022967883496
1556,53.52825905335881
1557,54.89555848046471
1558,-0.32150128639486875
1559,-33.28243748299234
1560,-42.05137752530291
1561,-15.438600251013202
1562,27.65337313810674
1563,-41.317042750270815
1564,42.13990491251136
1565,40.86344172069406
1566,165.90522514657494
1567,118.95648492927907
1568,40.567212766002655
1569,52.8198433798884
1570,58.25011997453465
1571,66.89901734008507
1572,10.21266681860946
1573,90.77218945693193
1574,-35.38465915000746
1575,-35.44214324918504
1576,-24.45373609461481
1577,68.04429549584454
1578,29.97911584244917
1579,51.482582813916444
1580,74.97688199004683
1581,14.73224891474525
1582,-86.97598737277747
1583,-6.633282508779427
1584,-55.86097651756511
1585,-16.03020267369004
1586,41.6354950329415
1587,25.133598002090416
1588,-41.720235974296166
1589,-77.36333862728841
1590,-46.57066908095948
1591,-38.60741459376682
1592,6.685140604402928
1593,55.68073015633354
1594,-28.92325651165574
1595,64.66899800457863
1596,-67.60786446096155
1597,147.02423937269216
1598,-19.56482314399556
1599,-103.18966056448257
1600,64.40177541659982
1601,70.68832244123475
1602,-137.93648761522294
1603,-83.08585865415199
1604,-9.057761592975217
1605,-3.5996474948065864
1606,58.814544428852955
1607,24.093626483030658
1608,-31.66017757872034
1609,-41.61374171290804
1610,-29.532987369944163
1611,152.44094161152097
1612,134.07619150889658
1613,15.633788933175211
1614,77.65380212080476
1615,-23.3192465288297
1616,73.86666876841939
1617,75.04742655230476
1618,114.53443787490465
1619,270.6638141191976
1620,72.36612831778413
1621,71.85103445166494
1622,46.718771794753515
1623,51.270964663129746
1624,-92.89145763260578
1625,185.81608412934895
1626,21.548249714604538
1627,-27.951450225618004
1628,-17.975559293274078
1629,67.10074071848624
1630,-88.52372459036576
1631,-74.34397481813448
1632,48.54327586002987
1633,18.25962109792795
1634,-136.87520468456762
1635,-44.327800156045
1636,-76.99994130503214
1637,-2.316122672991916
1638,26.844939832292557
1639,-11.891791778373094
1640,-42.56063518996657
1641,-76.3135187142552
1642,-111.37764184683087
1643,199.16360024007562
1644,29.32792020513091
1645,-76.90707147063314
1646,92.04372480712013
1647,-168.91371886059562
1648,-82.08060854993833
1649,123.1763972816083
1650,-5.95060884103345
1651,9.585866911009688
1652,-9.999469537548544
1653,-36.87155865245473
1654,-2.946467891565906
1655,117.44012550498604
1656,-1.0151064447828797
1657,180.41446410046134
1658,31.401815988165485
1659,-151.93194252114887
1660,29.82985616007497
1661,-42.22674525681935
1662,17.09140424889771
1663,-62.388461628197255
1664,26.750297077969424
1665,40.6124990845995
1666,21.909001009947545
1667,50.99208335109031
1668,0.9464663207839759
1669,-3.2070342870417927
1670,156.83282888322174
1671,48.77776879394923
1672,128.52436072664665
1673,-116.32880035792853
1674,9.686546717799143
1675,63.014755596677404
1676,96.79961948841078
1677,-100.53768021763041
1678,54.264169672217655
1679,117.7845806951333
1680,-79.123845747739
1681,-68.63095619493798
1682,-4.9553444052862545
1683,-170.7690652830465
1684,-43.371111723554186
1685,48.62228222606924
1686,164.38411615815818
1687,121.06742679178062
1688,-39.00666667593964
1689,34.11456403050244
1690,80.13960678563005
1691,19.63137171830175
1692,154.2729803716216
1693,78.54579774803942
1694,123.53142633899932
1695,38.88376054269474
1696,-68.91563399087524
1697,65.65999904406674
1698,-21.239138213086328
1699,52.047614258410334
1700,-32.96869644428822
1701,-76.60147736977264
1702,7.411283262919275
1703,-103.11945395630619
1704,-47.50000944845925
1705,-65.18919730762812
1706,-132.85923249223617
1707,86.37832031703918
1708,-72.39273386783363
1709,-62.69589077226302
1710,99.85594889508741
1711,-48.84731721716168
1712,-13.843376857588403
1713,133.98657413479853
1714,-99.09506358296997
1715,84.03323999023647
1716,-235.55999673036615
1717,82.3544405582162
1718,-65.72419373697171
1719,1.053326975452165
1720,-112.52723010880536
1721,-27.591739113317097
1722,-138.00428926516102
1723,2.2189108466437624
1724,45.08326518846209
1725,136.74848220412068
1726,8.3773064388426
1727,-103.85562887770419
1728,88.81984531471413
1729,-95.56257818666127
1730,-74.90556758896803
1731,-85.19695571005553
1732,97.58308430807334
1733,70.37096570482467
1734,-34.61287674323639
1735,-110.28797328363436
1736,-155.99129210136948
1737,-29.647888413462443
1738,-6.774725038104915
1739,11.679487866802845
1740,186.93576265963102
1741,91.89118643965753
1742,-34.52144418689627
1743,54.666775217935594
1744,-20.856139305334857
1745,89.53674353635489
1746,27.487332876668493
1747,78.52370879296609
1748,49.5431163091761
1749,33.75438808282
1750,97.4773878506394
1751,-13.180738016389089
1752,-64.95431480937194
1753,-25.56322662455445
1754,-16.17050881749594
1755,2.6256026425209065
1756,-55.11036989769016
1757,94.35516851519841
1758,134.48854014928858
1759,162.88455366684548
1760,-99.86714555905105
1761,-18.249933744829733
1762,46.32449663593433
1763,23.81878514491216
1764,-26.394022293916155
1765,-89.622922196498
1766,-28.03706123021189
1767,47.25541031250836
1768,1.7961988590080196
1769,43.362561806472605
1770,97.13185422063998
1771,19.288876473989912
1772,-93.0301700878757
1773,6.3175357443163325
1774,134.73252647525356
1775,-94.33745155616016
1776,55.29068445147001
1777,66.25683534456103
1778,18.264434673307278
1779,17.709338789750877
1780,-28.464681272875456
1781,116.52537293274231
1782,68.06154001140067
1783,54.10006027687199
1784,-61.36993309806713
1785,-85.320057125951
1786,7.270868856210882
1787,4.110790506417946
1788,90.3059325533698
1789,63.18936481130371
1790,42.65011398958099
1791,-30.030354194551972
1792,113.69468063548244
1793,-66.4590278440802
1794,-26.16594291580117
1795,-76.20433695161826
1796,-14.256676606045321
1797,-25.26587954045489
1798,33.27347404316323
1799,22.56365920301376
1800,67.77564713025986
1801,101.7597661163916
1802,-19.02631997713785
1803,79.61647176860754
1804,-36.331211319786064
1805,83.21654924718688
1806,104.96438255249217
1807,148.2197296516447
1808,-77.16273113117634
1809,21.028587289460674
1810,70.86761101306459
1811,0.5565726148764676
1812,-51.69905186457201
1813,89.88936569535329
1814,151.85376551773456
1815,42.48458286706546
1816,-119.52819621422329
1817,71.13899056079711
1818,-20.03877222441599
1819,31.58765844457575
1820,-71.03847981822045
1821,134.71065937124274
1822,11.85573894994313
1823,-52.73386918975758
1824,62.610424104953616
1825,-86.3420271291389
1826,7.292155133284101
1827,-5.151072724205223
1828,-128.1575105400184
1829,-20.754583243989128
1830,-11.8686281736541
1831,-69.73371347764362
1832,301.9260734709949
1833,-0.6181275561149859
1834,66.27647686412139
1835,-10.218381256773165
1836,-54.558293066458575
1837,75.8531098143005
1838,-98.41078551928467
1839,-57.58559691598906
1840,-18.21848637361712
1841,-81.67958887282681
1842,39.979271333393015
1843,9.000055178638439
1844,8.196809941699714
1845,58.68248242227138
1846,16.330580844030766
1847,130.68086531245606
1848,-51.34748233558248
1849,-77.10429076862566
1850,73.76227574436408
1851,-102.98919433703792
1852,-136.1694003566448
1853,34.78928539538497
1854,-29.283965730379474
1855,39.394162494790095
1856,18.24973826453194
1857,-85.5271682130528
1858,35.52725837434084
1859,58.1899337249323
1860,137.37984868133634
1861,-110.37182113925384
1862,78.63890147892856
1863,47.89597879283817
1864,-23.79927406185951
1865,-26.64955949925946
1866,-114.30351279509998
1867,-29.69322082316354
1868,-145.64608463860063
1869,49.00291838504201
1870,57.16855978791952
1871,68.56886581972974
1872,34.957627726699336
1873,-7.199475635638892
1874,-71.55079046452036
1875,18.492993724888336
1876,5.253502549438343
1877,-30.099903444436524
1878,46.16841528785045
1879,68.47385906798665
1880,-134.09655272394264
1881,75.05081482903122
1882,156.41893881095137
1883,-191.10817585874833
1884,-76.78594423555668
1885,17.128699887230827
1886,57.12512612126526
1887,-89.46993174859624
1888,16.04525838434268
1889,55.92901718045314
1890,27.9710077368448
1891,-24.739786348912876
1892,141.27879054158635
1893,-11.966046256851008
1894,-46.94459012467665
1895,51.97202496446129
1896,-3.754473575497174
1897,112.21038743169174
1898,17.961620443361884
1899,12.313965794981348
1900,-3.6575916310851535
1901,-34.643674595349204
1902,212.41924847193505
1903,31.990967497498325
1904,92.40448102342384
1905,17.335196111931126
1906,-47.588514964795195
1907,-74.09224393716902
1908,7.072021240654034
1909,25.77133043356478
1910,-38.49344649103809
1911,-155.21329434588503
1912,-108.87859597078302
1913,-12.729016113262396
1914,-85.32868555813035
1915,5.5392358824561505
1916,-36.26653447694047
1917,48.72732239840659
1918,28.92585627836356
1919,-27.75614995180667
1920,51.61881656595127
1921,22.364096755139446
1922,-37.264641590995176
1923,-6.6919688505796895
1924,-53.04787669293308
1925,30.727777494641035
1926,150.73642747369172
1927,-42.87744677503713
1928,5.851940635774167
1929,-29.928278528313843
1930,48.82765396720118
1931,-124.63519223691374
1932,159.89388422062504
1933,-57.039186263923234
1934,123.98707171977414
1935,-46.39016362785673
1936,-175.8561310967616
1937,134.26611807650045
1938,95.53139849475981
1939,61.018752977457474
1940,6.120055396825574
1941,-24.526074467239642
1942,39.516660697776956
1943,-19.532087472699065
1944,16.893323199801266
1945,-9.140982842933786
1946,-46.67751197107224
1947,-129.3373846020415
1948,-5.551837229834765
1949,27.448752438171415
1950,10.894084907812559
1951,20.41063986510477
1952,-119.14714006711998
1953,24.39045650189606
1954,49.05899465158253
1955,122.72635502422553
1956,-48.176825364843296
1957,94.01229418739699
1958,58.47233770311163
1959,-3.2088978783562987
1960,50.28988139681002
1961,11.797545052808978
1962,-31.039936769944173
1963,-108.73432663384871
1964,7.295305509875312
1965,-41.703537750292114
1966,35.63890105641495
1967,-46.21175712961079
1968,-69.65998814457957
1969,-101.08956875126808
1970,-80.37855882255074
1971,-100.79464629259667
1972,-25.661040815861195
1973,166.39129163400708
1974,-65.37274598815333
1975,-87.50413342417436
1976,-63.2567895207821
1977,63.882170000768944
1978,100.10936154225935
1979,-34.697334310832865
1980,21.331930634559452
1981,11.945109494451305
1982,111.50744281094164
1983,2.4261314768042954
1984,-38.3937090138261
1985,-14.297489184026986
1986,-33.651232084005855
1987,83.86922374799494
1988,7.714102623291264
1989,-41.39321833423388
1990,124.97676441663846
1991,47.19292683864337
1992,66.15886813930264
1993,67.95863456225737
1994,-17.31365602975522
1995,91.72631598034262
1996,131.15563822239872
1997,-62.96110078446579
1998,-7.571631002241871
1999,17.82980904169279
2000,81.30957002767838
2001,-60.683781393205585
2002,84.47198391747422
2003,-93.97293438063842
2004,-88.26914102237062
2005,149.9256283547391
2006,-93.2265645058271
2007,32.07050019358166
2008,-38.71752137095336
2009,-174.52929545316823
2010,17.31056647864538
2011,24.686892475980947
2012,-40.383724319562354
2013,-34.28365381920908
2014,-17.124737037663365
2015,-4.478166080481396
2016,-40.23941068011109
2017,-97.47929323131154
2018,-75.12835883319332
2019,-84.93514069416537
2020,-48.019090762669705
2021,-23.706946616133592
2022,-23.23395634519481
2023,68.10792666560525
2024,63.839539227735365
2025,-89.23813990175685
2026,-76.9415544982907
2027,-48.037905243775384
2028,139.28956652665886
2029,78.18884423896772
2030,41.72767935451228
2031,-16.38998292243535
2032,23.800362257157765
2033,43.62963113936638
2034,15.040407535956
2035,6.938953662430526
2036,-45.34845677611103
2037,-42.37609828718967
2038,-14.95091469022767
2039,17.92866168989937
2040,-78.90549659291537
2041,4.926346010341554
2042,-109.52938457753481
2043,11.525432756768721
2044,-85.13613508518885
2045,-1.5255276514981566
2046,-33.21010878731976
2047,-129.25603926667725
2048,-76.80517622709279
2049,49.423357720153994
2050,-36.49738804940937
2051,-51.306565261246874
2052,-99.73842165636877
2053,46.603786047336726
2054,57.442840342465594
2055,-66.98354212992449
2056,-7.717181884296828
2057,21.327390050276918
2058,40.21493485019733
2059,29.796013639383975
2060,-91.26124339386584
2061,-126.96475724305357
2062,24.642405671185557
2063,60.665739446988795
2064,48.09475049731356
2065,-39.51594485104886
2066,-14.059795668546435
2067,82.15937203326772
2068,11.33314220589334
2069,-96.40076871902686
2070,119.84416670022651
2071,-57.38317235454644
2072,-20.56586342589673
2073,24.72464987413233
2074,14.860766588337572
2075,68.59808129085431
2076,-114.04140742246393
2077,86.30280178464491
2078,150.36682761643
2079,51.92318567384755
2080,14.062871366877424
2081,29.424861260318114
2082,63.54682082248436
2083,51.20787785766492
2084,33.406758769550734
2085,-143.84611212201975
2086,112.33297822423727
2087,48.72612458588508
2088,27.42498965662164
2089,-43.1795836055928
2090,-46.87431788252077
2091,-93.99610215202567
2092,-159.6963481666899
2093,-185.28664801897685
2094,-97.52561007187711
2095,51.77132797500792
2096,43.61808522909555
2097,-104.78336631553331
2098,65.06755044658193
2099,61.474429496149575
2100,-92.12445680412802
2101,13.979336801453407
2102,95.66694376663271
2103,32.795980394327614
2104,-62.24873798575896
2105,77.11633757398802
2106,-59.08297659198787
2107,96.06390183639705
2108,73.00977184420658
2109,133.0346505397249
2110,140.48104417532272
2111,-129.41664241949636
2112,-9.974587830067229
2113,-39.13883003400031
2114,-131.74455652818313
2115,4.58135880803686
2116,-23.24242529914245
2117,-58.320569419018916
2118,-8.717236765208032
2119,32.29038669625425
2120,83.91879675711321
2121,51.25816327104192
2122,-78.87421209362628
2123,-24.286496574157066
2124,-27.549827289485368
2125,13.315634089637701
2126,-177.41253525954716
2127,-16.049795528300066
2128,2.2265866104135714
2129,124.35692608617012
2130,53.21242373200909
2131,-193.4727574843399
2132,41.44072858167
2133,168.92451452560422
2134,135.55831096148265
2135,-37.46394125456603
2136,-68.77730318694566
2137,-4.63854111284158
2138,-56.555951998465616
2139,64.6596385303285
2140,98.98474662781763
2141,-7.612183078524655
2142,-133.69326878833118
2143,39.7063142435739
2144,26.570069156002866
2145,-73.8990412439053
2146,-191.53562281810642
2147,-4.480736133450515
2148,2.094040843595811
2149,57.87230002091802
2150,-56.34944308124081
2151,27.97217699558394
2152,75.48815097903191
2153,-120.83144379822573
2154,48.51630280165861
2155,-159.63104046905218
2156,-19.93106550917896
2157,-40.12150188928823
2158,-139.6463801636666
2159,41.15569102066351
2160,-112.96554219165706
2161,196.9507911476822
2162,4.333890134786822
2163,-13.285642031950704
2164,-23.88354040425028
2165,17.570877076987678
2166,-45.73823945787207
2167,-9.428284880813608
2168,-66.52943871339552
2169,-105.39880976252066
2170,-25.12083810981159
2171,35.5299087831782
2172,23.597645109981677
2173,-118.77369926695812
2174,75.18127023580911
2175,2.329869611011344
2176,-16.193103916540384
2177,-143.31207065996688
2178,-7.368987971804222
2179,85.29965919141641
2180,-190.0891457547074
2181,-38.66055452474518
2182,-2.7906504786171262
2183,103.36361587287229
2184,26.692562090706076
2185,-20.523230591247593
2186,-13.048448001174034
2187,160.44258893899436
2188,69.21875586498444
2189,-102.79719409309818
2190,-78.78500687695023
2191,-21.363951085157606
2192,-79.44046808473017
2193,-106.62355636969026
2194,-73.65396626832819
2195,-72.80152101759779
2196,-2.577598191224244
2197,-62.25195417242917
2198,-147.34411559487415
2199,22.48628403644466
2200,-9.716619076003127
2201,11.038721956654516
2202,-56.47483408225157
2203,-99.04117197688339
2204,-95.0286663655783
2205,-17.165236477077887
2206,49.191031712432036
2207,-3.9362757098540526
2208,42.903122261238806
2209,38.8613914644679
2210,49.666097030998635
2211,4.773362771550511
2212,-7.812733842832641
2213,-34.08699802485707
2214,-102.09292669292108
2215,-78.24305690227371
2216,3.0570277144442626
2217,-49.1247835350625
2218,-46.40012347462537
2219,29.73428665132414
2220,-159.55553033703669
2221,57.51529897959208
2222,-115.29546654824352
2223,-37.189147855101986
2224,-14.164604898287458
2225,123.42255517592423
2226,-58.349484685409614
2227,-41.69660205169918
2228,97.47375574547755
2229,-6.670836256888066
2230,34.48815475962411
2231,31.98189076266308
2232,71.83706768196815
2233,12.874256753310679
2234,-135.3460973790559
2235,-35.79624852414391
2236,-52.087876766487696
2237,-76.05389947537469
2238,61.900874022161425
2239,156.64143102067027
2240,53.45069191715865
2241,-27.84126187781971
2242,-0.8150701348071485
2243,26.53491847273511
2244,16.35504714609948
2245,-42.278767832097955
2246,-34.70867469655968
2247,-86.06499701355777
2248,-35.967198368930056
2249,28.171124562098456
2250,25.695343970645066
2251,22.52104543391495
2252,295.7106742831325
2253,0.14601827627327824
2254,114.16441823445743
2255,11.688401720899119
2256,116.57498097880064
2257,-101.72991519583174
2258,-48.82599137487197
2259,-85.89747908138996
2260,52.605105998579646
2261,-49.229420256537374
2262,74.14260859928622
2263,-38.76569064555322
2264,68.19556838821448
2265,87.73965974251894
2266,-54.68332572022378
2267,20.6896994507519
2268,-20.069827006663925
2269,-33.10130103525793
2270,-177.47567058482613
2271,-11.51908613509684
2272,-22.7114913070425
2273,-90.02649464786575
2274,21.41013213813449
2275,-9.201006388750255
2276,72.78372671681026
2277,77.27492703333935
2278,-74.62563674974068
2279,-140.8284348019397
2280,44.025003710962565
2281,-70.8952476822782
2282,65.87231838216307
2283,-65.94811896821939
2284,47.32486310620114
2285,-67.97847274692025
2286,38.6356599034294
2287,101.47475933191207
2288,79.73571177220097
2289,-6.2120501076721535
2290,-137.78056331904216
2291,108.94442243524236
2292,-50.58254746301688
2293,69.43250499380136
2294,-115.71502763604539
2295,48.41067045042165
2296,-69.02063127499923
2297,-59.69816779622688
2298,-108.08418285701705
2299,-14.91812299425153
2300,-110.07947498447767
2301,48.47095424934825
2302,-42.834656064041795
2303,27.515744262031063
2304,179.12348251620833
2305,88.92471554423284
2306,40.394046194710036
2307,57.89909364917749
2308,-40.325064477461105
2309,-75.41343056174716
2310,70.27206418977904
2311,-64.05369754961988
2312,65.95014769816171
2313,77.13566985334552
2314,-26.51052520867902
2315,89.8496883709974
2316,-98.08618776811879
2317,99.83247559976243
2318,81.4460580614171
2319,33.59866623809004
2320,130.67894331753126
2321,35.91076453331858
2322,-17.93517584948111
2323,17.943026516192344
2324,171.54741325647439
2325,37.27064078474926
2326,75.98409694951789
2327,-141.51584123906264
2328,80.759409177802
2329,64.89259944733135
2330,-25.01797449103033
2331,2.89130795307507
2332,-25.221587822380396
2333,-127.94412074858089
2334,-25.061707040270427
2335,-126.9475495149231
2336,-46.608490028694746
2337,21.66285452255541
2338,63.016604763595225
2339,-52.53886962210812
2340,-14.724705957981396
2341,-198.43161216910218
2342,-3.608775684500802
2343,113.60980225838655
2344,-31.45610060957105
2345,-73.08157202329829
2346,-79.69800060114235
2347,-29.29602361557321
2348,25.96167493346884
2349,19.410372707995087
2350,58.21811942883796
2351,-40.32845403375239
2352,156.26258487550172
2353,72.39941689947887
2354,176.88245828635587
2355,-22.81763103660112
2356,-225.8631275114727
2357,-49.99669379054483
2358,-118.0657109199033
2359,2.2165880800191182
2360,-89.14658360679168
2361,91.60759508805117
2362,189.0899279549942
2363,-85.33536183422366
2364,-91.5117857515031
2365,-42.304345590791584
2366,52.39085017441316
2367,2.5466770931125344
2368,12.372547358373348
2369,-60.340248393057756
2370,-66.53501268540947
2371,-86.40761207741214
2372,-95.30662551489348
2373,-29.53178061797021
2374,14.681952855492483
2375,96.58973883848621
2376,-57.332235040682775
2377,-3.113839654320984
2378,67.25670306288112
2379,17.455664371759582
2380,55.525283066324874
2381,199.54525594698563
2382,119.28860193428982
2383,-21.859671816627692
2384,206.03884079948713
2385,-107.4896799835124
2386,13.681788589332285
2387,-50.82476512989884
2388,-81.98433048989902
2389,56.48913619325837
2390,-95.59594160799406
2391,6.0132076860946775
2392,-73.8293679258794
2393,34.202315047321164
2394,-35.36018539667383
2395,-108.8198521670646
2396,-40.23575128666581
2397,-66.35649616707379
2398,-51.849600829737625
2399,42.18650754032773
2400,8.528357597470462
2401,169.5454298885551
2402,-83.64857718003907
2403,-41.72837962088363
2404,-70.38411528304255
2405,49.53087745009468
2406,-15.786212836499946
2407,-75.3088475918411
2408,152.0563760833728
2409,26.828650894454146
2410,14.770592112119656
2411,44.121319619422714
2412,29.753299492159037
2413,2.7029689092843765
2414,143.01565719112173
2415,24.118750141369915
2416,-52.661379775870984
2417,60.73631393318122
2418,126.25137263465426
2419,-0.42011944775903176
2420,48.98848284451268
2421,74.19471909423919
2422,-62.29672086998125
2423,-81.8936788030406
2424,43.87699297925161
2425,-102.79055167233977
2426,163.88156073168417
2427,-64.85107739678453
2428,-64.30849648039988
2429,63.96482059296513
2430,107.11975972779416
2431,-63.31979961730024
2432,-56.94735805344925
2433,52.76745227824483
2434,86.63431608483471
2435,159.70715935412863
2436,65.05487247908125
2437,-7.466156251717948
2438,-67.57020019689467
2439,80.68655398279873
2440,-51.35962230629308
2441,92.05412375937523
2442,-83.1410308969786
2443,50.92903573937796
2444,-11.808151789091047
2445,-0.91351699187677
2446,-251.9084057026325
2447,62.91846374034596
2448,14.570873087721766
2449,-89.02534113785934
2450,142.95493894423646
2451,-114.91754529304896
2452,43.67697905345595
2453,-34.861749165760855
2454,74.7816165822757
2455,-76.73900166043614
2456,81.1249083219933
2457,-33.60877977271368
2458,9.618999954834303
2459,-52.6216107289272
2460,14.432542206054222
2461,-45.79276402349968
2462,71.16279048692154
2463,34.09849191939079
2464,50.403802258890174
2465,-27.718199087510975
2466,109.65158675203105
2467,-73.01738731969088
2468,-54.8762791102499
2469,19.771651121666775
2470,-8.11214621871048
2471,-114.84198730278123
2472,-159.42754311057683
2473,-47.96654703320839
2474,55.835198451029925
2475,65.42773999602159
2476,39.62943336741935
2477,68.66834866317159
2478,29.899449307013203
2479,7.207816876703955
2480,-103.69546858928689
2481,62.24383973236511
2482,-87.60263232442055
2483,-46.80455190573035
2484,170.99497960451114
2485,99.97791281782725
2486,34.98988364547182
2487,79.85963793863489
2488,-147.45511692577236
2489,114.47470992955854
2490,-137.48500383046058
2491,173.45236165531765
2492,13.943084943592751
2493,146.254195290279
2494,-90.53354191724026
2495,-43.0420336972877
2496,-42.163743013961025
2497,90.04123124371615
2498,42.273332440482385
2499,156.0713051237978
2500,35.81569366810608
2501,45.906298199692834
2502,66.8449751543565
2503,15.857691802493585
2504,-23.527807133521534
2505,-30.859038304018636
2506,104.82862012631992
2507,-96.283925317456
2508,79.63546831516149
2509,-0.6109030528366524
2510,167.59345568343332
2511,-108.03445908950007
2512,18.12146736054245
2513,-20.12652615309447
2514,25.044372436726224
2515,80.97740796271641
2516,-26.065802064010544
2517,36.23524379437624
2518,-97.29460271555821
2519,123.38346412038027
2520,-12.39834034982584
2521,-92.47861065996547
2522,-19.14729294259996
2523,-8.288252685403766
2524,-76.6824544930426
2525,-64.61496315717314
2526,-22.173830862101866
2527,-91.72904930702948
2528,56.37607072420144
2529,95.90002126222443
2530,28.41740139238544
2531,53.1417624885685
2532,-131.5776024530068
2533,23.415395798146214
2534,85.81956704332377
2535,-43.011159991810516
2536,-91.4954488051842
2537,-20.104886881169474
2538,-70.71653987479118
2539,-29.704473034473867
2540,-28.492900607841857
2541,135.6355923094327
2542,-95.49408849868695
2543,-23.763478158301908
2544,18.752680246187847
2545,104.63591448477268
2546,-96.49264729625125
2547,-51.57093060515471
2548,120.62164596975273
2549,120.11879722207976
2550,111.69828231000268
2551,179.54842056024438
2552,65.92383021009019
2553,-107.84399368191531
2554,-6.706367061212768
2555,97.78913023032011
2556,137.90192337920726
2557,3.214253219703292
2558,-134.68433534549246
2559,0.9199562968317974
2560,-80.4653629023328
2561,84.5437045597925
2562,16.905741429966465
2563,44.78847455635219
2564,-71.16884598670136
2565,-25.67790819167799
2566,52.6651859528771
2567,19.59130802826208
2568,-47.46765617885811
2569,113.76526138443951
2570,-145.38542933169646
2571,-14.981145500557652
2572,193.95949515822616
2573,75.62888766657323
2574,-16.170085768085773
2575,34.26442757263584
2576,58.950636846233195
2577,-64.64115204669535
2578,-6.961264910649973
2579,-166.60969365643857
2580,1.8038393078356847
2581,-56.85463301853303
2582,-18.389652660662893
2583,30.70315406211366
2584,-45.811530586654634
2585,-46.77229882432305
2586,40.253018508913556
2587,28.088140524440753
2588,-14.497743968905123
2589,40.1655911789444
2590,38.8209456900786
2591,-119.83473892462398
2592,-20.296531799728616
2593,-45.42718887987384
2594,-37.86582329797023
2595,106.77298322693846
2596,-48.498397996840204
2597,-186.2863202165421
2598,66.48778433762337
2599,-14.133981126967438
2600,14.828444845083437
2601,76.57838702810089
2602,-205.6936594205938
2603,-142.88817433075542
2604,-28.36773705378847
2605,-116.00985020853095
2606,-116.79866396583452
2607,35.695822736325304
2608,2.2267535468416186
2609,31.41638736765745
2610,139.39943032327724
2611,-9.013451957444998
2612,0.46992326583125443
2613,-157.09306440174575
2614,82.48391438708565
2615,82.55803340136737
2616,105.47919504827537
2617,135.54471974923126
2618,-12.692679997965989
2619,103.52073612321986
2620,93.63247881953296
2621,-11.075658643708529
2622,-27.767510730746718
2623,-46.569215493303055
2624,43.108613090694234
2625,25.246235887120847
2626,66.98627269133524
2627,101.36243766883341
2628,103.613465885276
2629,-63.185477585186256
2630,59.3741918107525
2631,-46.77168372115922
2632,-51.8431518164698
2633,48.10113882222429
2634,35.68334650854995
2635,-44.79119405700968
2636,27.634994675480424
2637,-64.23107212175903
2638,-62.272422020243305
2639,-22.701163456486444
2640,92.02941957899692
2641,28.490930936957792
2642,24.108284899234782
2643,115.45808902593312
2644,38.263528764992714
2645,-47.74754540346004
2646,51.775284163856966
2647,-22.776743793160243
2648,17.569623159814448
2649,64.09953522719124
2650,89.13043297926099
2651,-41.32820216870042
2652,-69.66719706941986
2653,-30.471613108850807
2654,-56.68095702087629
2655,19.404538973077372
2656,-49.437362586838034
2657,34.30595170173519
2658,-2.937191649605087
2659,112.31395274363183
2660,46.145874840848045
2661,-55.25573961147881
2662,-52.913860560524604
2663,1.4084581222698902
2664,-54.08776671299317
2665,-18.73403149052802
2666,41.79451596838947
2667,34.52452006516516
2668,-75.22431657980584
2669,-14.637204412724557
2670,-57.44384563191424
2671,139.13253634244066
2672,126.06952996722747
2673,111.1729100930514
2674,35.3895297437428
2675,-3.7752243352767993
2676,49.48880869649716
2677,19.960668104766054
2678,68.48496389291658
2679,-27.637133428241224
2680,8.079143271206473
2681,70.51508891547554
2682,53.82605431924584
2683,-13.094283963528053
2684,-74.1380809984298
2685,-8.721614691581571
2686,15.048188865153781
2687,-35.422722257031
2688,24.147667339285565
2689,-7.1709232802928735
2690,66.46174428849343
2691,58.41989400384044
2692,-45.401741745496615
2693,-5.242166718518426
2694,-5.221772664774074
2695,29.583323332969314
2696,-178.47599492128336
2697,0.8936940017693238
2698,123.2082073303771
2699,-175.31645402469294
2700,-51.74965354561925
2701,-17.90845710849103
2702,-152.46035330796198
2703,-49.88412506249739
2704,79.08130418018857
2705,23.943220208352557
2706,79.12661731666745
2707,-35.279616827599085
2708,-24.74095334232392
2709,-63.89097223112592
2710,63.53852237656655
2711,20.743537724711302
2712,-99.47662626240691
2713,-145.78308936687566
2714,-23.99257268660519
2715,75.5876585107611
2716,42.39390395380147
2717,24.7997674097218
2718,-68.9064349611663
2719,21.29957011742596
2720,173.74117646831542
2721,-20.736133769270385
2722,163.96502950488772
2723,55.51588069017944
2724,22.706673891192857
2725,38.82766915449794
2726,3.7176413480204817
2727,-165.33469562046872
2728,-23.7211759622781
2729,48.14153953537815
2730,20.796039204635566
2731,-82.39609748323085
2732,-91.9593024463636
2733,-50.29841280163175
2734,-111.5181472572491
2735,80.64859997594276
2736,-80.30120548311501
2737,-36.15120776396593
2738,15.41039591784452
2739,115.2269807271672
2740,-38.22493643710746
2741,-55.315208684009605
2742,72.50582884482046
2743,35.05016919386596
2744,115.35599656418438
2745,65.72271834149446
2746,127.41050293582774
2747,77.41662648583267
2748,98.03734000629116
2749,15.394681337397264
2750,-50.20334302487534
2751,177.546096933284
2752,-117.44368599759608
2753,-133.28218026811132
2754,72.33603623508306
2755,34.80180057558474
2756,83.86902440491205
2757,60.84694801621747
2758,157.82535147588786
2759,-126.47804532011135
2760,14.180212127157168
2761,19.947148879667242
2762,-110.18244316844785
2763,-117.84163326411598
2764,-31.877496929661252
2765,-101.31944971040689
2766,-12.651162550180246
2767,62.63976311456691
2768,77.47027063204644
2769,-87.29248867762065
2770,5.2857536029270555
2771,120.65096647409906
2772,-74.38747277562513
2773,-38.153707468387424
2774,103.90738879654964
2775,36.221922938982985
2776,76.14944418136598
2777,71.54424103265735
2778,14.323920726397057
2779,40.60802827982161
2780,-83.11112164899853
2781,79.41341852527643
2782,19.305982163378
2783,-57.14414721013267
2784,124.80089915746188
2785,73.4977729429949
2786,26.838837497348205
2787,134.36268866356335
2788,-54.21180918394565
2789,6.873873731859478
2790,-64.88788001660782
2791,99.66975212598919
2792,25.97908502203756
2793,116.92608315589466
2794,-66.09884194491717
2795,-73.72444572991297
2796,25.301779816285194
2797,32.13979738685635
2798,-54.01131421472017
2799,-76.29892376406855
2800,-24.317938648507898
2801,19.83663685052942
2802,-66.03878984777427
2803,83.57329895733092
2804,-7.899210141191787
2805,81.52574751212236
2806,-128.11247433676627
2807,21.467116292007404
2808,-13.520987654285406
2809,-43.052866926747676
2810,108.25240329923102
2811,-41.75527645301913
2812,-67.82908516623736
2813,-4.023841935009916
2814,59.155494891181085
2815,71.87578299842374
2816,-34.32761282381191
2817,-88.38946792727315
2818,-116.56490539163428
2819,48.39017231524028
2820,10.206986724646407
2821,-13.239493369632577
2822,-240.76654100984848
2823,37.83936906122057
2824,-5.56533756841954
2825,-58.46740427592306
2826,41.661748420172614
2827,-157.858581244197
2828,4.281245134524777
2829,49.26308575288834
2830,45.35020175648138
2831,0.002974081526157857
2832,21.260862092061146
2833,49.29660158029778
2834,-9.207052199871475
2835,52.600248469757446
2836,-5.802281270784507
2837,38.39011416632684
2838,27.567983410285077
2839,-15.400982985069795
2840,-67.19026681571837
2841,23.51456886590321
2842,69.19590208616586
2843,-65.94969060258293
2844,-129.11444877973568
2845,18.923822764380986
2846,-88.56143368130196
2847,36.47258971472845
2848,57.4466582898544
2849,83.93868227957259
2850,-34.6024700105395
2851,-34.135652406429536
2852,-95.38505213117601
2853,58.16408007419024
2854,56.89338486191955
2855,150.45250521514092
2856,121.33185002068551
2857,9.825064975408445
2858,24.58275607347201
2859,24.410497101655594
2860,193.73035305971715
2861,-57.569851638505014
2862,4.218893253380418
2863,3.3727677940208918
2864,-37.995870330333865
2865,37.02510695101261
2866,129.7446296977347
2867,-100.75813011217024
2868,-103.52809622011601
2869,-76.71248923968876
2870,53.585879944447726
2871,-66.59657828277362
2872,79.26268852585872
2873,85.88898825233416
2874,-27.002875034795267
2875,5.469080289796457
2876,66.4599103587452
2877,-93.99939893639495
2878,20.74346127477568
2879,151.62070961750823
2880,-54.58374984161515
2881,-35.96678388530454
2882,-89.6837952129266
2883,-124.13133785175076
2884,-211.84247089266356
2885,-32.07354201125372
2886,-19.201591739275695
2887,22.720941857355438
2888,7.011643234435306
2889,-9.869086106067245
2890,96.01875367188896
2891,-42.99139737938889
2892,-33.69794245919186
2893,-63.46352145167099
2894,8.144063591793202
2895,149.93322745197722
2896,-59.31492730460155
2897,18.131232721802807
2898,-8.42053955436084
2899,-79.20681841506448
2900,-64.70123394527079
2901,36.55265545090752
2902,41.30300025344963
2903,92.24040611825528
2904,11.943729604365934
2905,-48.959264748612405
2906,-65.92817852291643
2907,-144.4742791208859
2908,112.75980766576494
2909,-1.393352033003295
2910,80.4639593963117
2911,-108.22926061002782
2912,35.633930103938155
2913,-26.437804726121808
2914,13.369560944857628
2915,-90.44760688124447
2916,123.46304841326406
2917,-26.315064473157868
2918,-24.393339497300857
2919,-79.56455486458236
2920,-13.86670724561144
2921,-107.79470483434244
2922,7.822726712287626
2923,18.726931061346832
2924,18.59399283226833
2925,128.37645166094995
2926,18.195097427017654
2927,-24.830319469745984
2928,47.23986257431517
2929,-28.378876887869406
2930,-10.04036551236183
2931,176.0677777507853
2932,-39.83223467612461
2933,104.17618873899066
2934,-114.28902058027123
2935,56.9138055749356
2936,-1.4567450481913577
2937,19.53544718824629
2938,164.0626272721057
2939,-164.6470260573554
2940,72.9354588691282
2941,-61.02708378220674
2942,19.935677565344747
2943,-77.57280059384955
2944,-7.020316471282033
2945,-5.2652581882293426
2946,-136.683529923266
2947,33.79817100264087
2948,62.177732084928564
2949,-185.32878991837137
2950,-27.51194339765008
2951,-21.756546308563326
2952,13.991206359423447
2953,54.461264960901616
2954,124.92945503775174
2955,70.29679234092856
2956,72.74817719226621
2957,-29.078882056699772
2958,-105.0189112131247
2959,115.45463492849828
2960,-69.83128403436007
2961,14.930347463661615
2962,8.382657730574646
2963,15.801462356309525
2964,-110.63078631980426
2965,43.641353392606476
2966,-14.31778728883414
2967,-111.07661897155764
2968,-103.43652338256676
2969,82.52177462583525
2970,28.2563606714702
2971,-51.883277167652345
2972,-140.24631825763882
2973,-133.4229714484687
2974,84.19631178688353
2975,65.08953854446803
2976,2.029837029592823
2977,-139.97891312517905
2978,-49.505447536870044
2979,-15.578134060376136
2980,27.280958605904186
2981,30.00432511999984
2982,-21.75534392838464
2983,-77.23599423203443
2984,-120.30988800892891
2985,-72.98281289450462
2986,86.34789830090449
2987,11.396776306806665
2988,-62.6296218020915
2989,-155.9794681507079
2990,-50.30899602086197
2991,56.0291348489655
2992,70.28211482121947
2993,-196.7385868757297
2994,-3.5260568059610624
2995,54.23853722444435
2996,20.41265429121308
2997,-82.29522845199324
2998,-29.77602304327875
2999,-87.92047091152041
3000,78.89975130850051
3001,-56.448929907773824
3002,23.48130123578649
3003,124.60988877646467
3004,-50.96163567467469
3005,-30.91379659975698
3006,98.53516197575706
3007,-56.644497451914766
3008,-106.48530358244778
3009,-29.616979787298757
3010,121.05978159478443
3011,-62.39458148236336
3012,-36.75992897139138
3013,-45.814497786767774
3014,59.75274391281584
3015,-174.3321952651272
3016,47.69448161293958
3017,-43.369343422747995
3018,10.321264791953904
3019,-77.62052553461983
3020,-20.338905271684414
3021,-29.25305922611152
3022,86.58078514639381
3023,66.17603553763034
3024,-144.47144390457524
3025,-49.286048130941914
3026,-149.47233680530783
3027,-26.00701651527526
3028,-40.99905870195735
3029,181.478293690109
3030,-14.636360115952524
3031,-108.63322625143525
3032,49.525793110006774
3033,299.01245165660464
3034,10.145743685510231
3035,7.81147435496678
3036,-148.39572794177474
3037,8.204761734068072
3038,-26.95418589958763
3039,36.9420259950502
3040,147.21997606545568
3041,12.936701469403813
3042,139.69507929708402
3043,9.254908592537927
3044,-0.8625171004487551
3045,-240.07419013274318
3046,111.5830431081648
3047,93.21615780254726
3048,-42.562527365365376
3049,-62.01460815165456
3050,42.34633305698077
3051,68.16027378890496
3052,265.9676680255875
3053,2.214055501846631
3054,23.381290693155986
3055,-0.3028600839516451
3056,-110.81531003980379
3057,42.67327908578798
3058,66.0393820986133
3059,32.62796702615636
3060,-161.4950260249803
3061,73.44756201557122
3062,80.25205658245108
3063,86.06307110536478
3064,81.90413602703663
3065,-82.66538562309867
3066,-9.811243225665738
3067,17.22590610797825
3068,-7.772136471370658
3069,-35.77197163386602
3070,49.772351110800535
3071,-36.63201726749015
3072,17.800908884769417
3073,42.86285870788193
3074,-126.67342124619346
3075,84.02641495115661
3076,138.9473707002506
3077,-26.983638947417546
3078,39.920185682194116
3079,-46.725087915783845
3080,115.98058166092247
3081,-18.39849063086734
3082,51.49211037566055
3083,122.55193196927365
3084,103.40743246303188
3085,-60.64055490692423
3086,-59.92985847010126
3087,-10.442261903244539
3088,45.82617240133962
3089,333.2511968691854
3090,-73.26177361262359
3091,-58.195866863386755
3092,4.385439329729889
3093,8.685189628393578
3094,-44.65614320666001
3095,-1.6551002070835996
3096,105.58993829481354
3097,53.185179686093655
3098,-181.83114394493435
3099,-31.907893539464194
3100,-75.3520749851021
3101,34.342565039507626
3102,37.92681343795798
3103,34.29948019317111
3104,22.461264563173252
3105,190.24813699623078
3106,59.17248528897103
3107,-24.17328105467016
3108,-161.51539129445214
3109,-8.628956299439738
3110,-26.465382395848128
3111,-212.52691350414946
3112,-18.89421653331071
3113,-78.21787077224519
3114,162.26883251877507
3115,7.184652783059256
3116,-13.088277626667235
3117,17.212819589280926
3118,-136.66721052649618
3119,-81.39758569723858
3120,-73.97600662990564
3121,1.3319711830640677
3122,15.094352098982366
3123,-84.33781057900508
3124,-48.267288679599716
3125,-48.98028920779394
3126,132.98290804329915
3127,-6.711442126793029
3128,-20.451978398422398
3129,-94.91125432118409
3130,5.307524898477965
3131,60.94429499235229
3132,56.098011185874455
3133,64.18148529851075
3134,1.7044161854497895
3135,26.959244446775656
3136,-77.5233784426521
3137,63.6674348559949
3138,64.44113524509217
3139,-162.16275864670274
3140,91.22315759326972
3141,-51.29413709521859
3142,6.297847746036782
3143,-56.997298871876175
3144,-164.83039307183785
3145,-7.8183514852303535
3146,37.7394209419031
3147,135.73637849091187
3148,33.252248903520545
3149,-1.2914473056665101
3150,135.06459204429336
3151,53.38659592747784
3152,10.79678789845819
3153,-170.21223067211398
3154,1.4513198825973594
3155,28.941032741624056
3156,-109.48579121067745
3157,-87.24035457362687
3158,-65.47789801751347
3159,-43.63545823111479
3160,-34.057328038393315
3161,19.425086227840445
3162,109.95268218178603
3163,76.88365540271798
3164,1.1471634034216618
3165,-15.984709106237045
3166,64.21649677454836
3167,51.749310541736925
3168,34.38053819849618
3169,-14.914112694696566
3170,-178.1715698229184
3171,-69.61718473000359
3172,-118.32130464205444
3173,65.3442126094108
3174,-12.144631560177777
3175,-30.325213641991116
3176,37.32520807784467
3177,54.948632403510196
3178,43.22653996897623
3179,41.08271700254089
3180,-236.053373266728
3181,77.32482131033282
3182,21.784517284258005
3183,30.655644633230086
3184,47.40015127025613
3185,62.25372857560313
3186,-1.9384552785512468
3187,12.615118313669795
3188,-30.643293166601826
3189,-8.800974408475348
3190,18.816438885956718
3191,-49.23433164702595
3192,-26.747607325089096
3193,-75.04332376406445
3194,-1.6160200107058222
3195,18.648510943184412
3196,-11.268064959201745
3197,-58.210928561349775
3198,-114.05275788745874
3199,63.51882873517527
3200,-16.96595198231481
3201,-5.685510371378328
3202,-38.733281576035814
3203,-164.67805954393086
3204,-36.2246383369171
3205,117.36823396992064
3206,67.25933318179544
3207,102.26094111751216
3208,-23.99369596466937
3209,-108.42490776908711
3210,-111.26376334175602
3211,-83.56829835778241
3212,46.64811926703568
3213,-45.18513328311026
3214,89.74869477872139
3215,26.83703254454304
3216,-61.59972105349704
3217,14.069599701094456
3218,77.6239999801611
3219,-111.14616399849821
3220,-11.049851955838168
3221,-115.03402523029247
3222,29.6656960911168
3223,-57.89324671428457
3224,91.27611017043186
3225,-45.097577829259265
3226,18.08004545965549
3227,47.59789231671493
3228,-97.3258560064489
3229,-96.31215880718506
3230,-11.771361621632723
3231,17.494421326062064
3232,45.41478086335149
3233,-76.07050374857968
3234,-38.57616261565555
3235,32.024643096993415
3236,-47.58744543715097
3237,-23.00124493564433
3238,-96.17363887390479
3239,0.8951362562967407
3240,44.329090184167754
3241,9.878526058341329
3242,115.04269178225735
3243,53.31228309124583
3244,93.59228986299888
3245,-106.60859648894514
3246,-48.49669580834822
3247,15.767486175895808
3248,-183.50637913283558
3249,86.50562406888537
3250,79.28886491923154
3251,-1.0719184562960637
3252,111.14727857761375
3253,-70.22642573341008
3254,-37.535187218383975
3255,-38.31751411403627
3256,14.302878381727512
3257,67.143918552413
3258,147.50648282070276
3259,115.81261537958463
3260,54.5191437860902
3261,-57.14951038611425
3262,1.7063672155197822
3263,73.21877966230385
3264,48.44431839824454
3265,38.76290153539961
3266,-115.25790244856482
3267,107.2385677163051
3268,-80.79746310217006
3269,46.98183534118175
3270,-147.15331637151004
3271,-53.68666124290048
3272,159.56085811136666
3273,20.873914963399518
3274,7.99726981406357
3275,54.96029511240151
3276,11.033286464346675
3277,13.742984796224034
3278,-99.45497683319657
3279,-57.049938620285744
3280,123.07867177642838
3281,156.20426302304125
3282,40.288777642026716
3283,-68.3561362927414
3284,-33.46888456292952
3285,57.533794312730386
3286,-7.328221212648183
3287,-81.63152264653203
3288,-86.53173132979417
3289,55.52780685974644
3290,20.717762164429278
3291,-21.31974234679217
3292,70.34329781461916
3293,-41.53744986932472
3294,-87.35138762016935
3295,-106.33119119808116
3296,12.223515936825333
3297,59.7417615723724
3298,37.99646919225056
3299,-38.70766243138392
3300,-9.785544811041987
3301,144.53954493713331
3302,20.452532303596982
3303,25.758952890541405
3304,-38.57839068298361
3305,201.66311579848633
3306,-130.0807100017649
3307,-39.13100249924714
3308,-102.81910797384455
3309,20.0339046003641
3310,6.677495287739049
3311,1.673621003604656
3312,25.560686912354463
3313,14.842698860959016
3314,-90.76224192572606
3315,25.3918291852196
3316,-108.86993490418658
3317,-47.71551348824429
3318,7.985666245835112
3319,70.92534639795399
3320,10.332795988398265
3321,141.04636280771336
3322,-39.94705277147286
3323,-24.1972043138298
3324,-98.2865313692567
3325,13.582063327475828
3326,8.182659594397643
3327,-29.313575167229327
3328,127.76768903320641
3329,-62.157297426241094
3330,-63.75930150403591
3331,143.1543194703539
3332,-15.057758378251467
3333,82.84760330448265
3334,-86.01663981270141
3335,59.70154093401601
3336,73.93642740388158
3337,12.35438284714546
3338,152.1514471665454
3339,-18.445971676044632
3340,44.080084102421225
3341,-73.11156692925967
3342,-11.505118491811281
3343,-40.66738467303032
3344,-70.58652855055261
3345,81.52886202994618
3346,-7.025387184453157
3347,-63.72053097354422
3348,15.068438238058025
3349,-70.64431075368043
3350,-125.55845516547534
3351,-29.16160068247731
3352,-10.329059711918624
3353,66.4863727228376
3354,100.71118935452562
3355,-59.44427375388662
3356,-117.6039258806002
3357,-38.00870342572097
3358,10.847916277900339
3359,-70.34813426793497
3360,-48.03546420950122
3361,45.53373103585977
3362,-84.90645501974987
3363,38.90452510558954
3364,17.924524402011023
3365,12.605989390712407
3366,17.61097090100756
3367,-49.0078281460599
3368,-97.44793299211717
3369,22.26077575776983
3370,-58.52528117577621
3371,-63.129741571899594
3372,-76.45004480760124
3373,-30.833047614836172
3374,-79.11975890551739
3375,-15.714461966646592
3376,36.27667866437513
3377,-108.7802312333051
3378,22.79221223062839
3379,124.17603827958689
3380,45.50372394553384
3381,51.459998533849806
3382,93.12655345768914
3383,-47.277722833537204
3384,-27.52060379609867
3385,43.68785453014348
3386,153.59826312656867
3387,-71.57338719385675
3388,-32.93148774286868
3389,59.675123981653726
3390,62.95706180255406
3391,-18.056755347185344
3392,78.43500135993024
3393,168.15563710948604
3394,106.23067276417169
3395,-60.7795039943309
3396,-17.913698742141996
3397,-9.840552267077088
3398,-8.46107774387127
3399,180.0338302353594
3400,132.74367908483035
3401,17.776998418572852
3402,18.52779602161447
3403,60.53778200722336
3404,-77.163806144423
3405,85.69536643055048
3406,-102.95034684028316
3407,-113.39371905707337
3408,-35.295038230907295
3409,-114.4776458177513
3410,8.794841643516133
3411,-66.17436976235263
3412,89.87141348806335
3413,-130.65163774694307
3414,40.37152939728656
3415,-13.29127758263063
3416,58.91732417345107
3417,38.08029186514343
3418,43.37409332903584
3419,-61.941689964683995
3420,-0.07117916003921332
3421,-84.16478625361789
3422,41.547094070604565
3423,79.9547494361457
3424,43.656947152446385
3425,46.33589794178595
3426,4.404944763705647
3427,82.26863644504711
3428,-28.869778338892036
3429,-124.59171286011245
3430,-25.521345086581977
3431,-51.25556208518727
3432,40.27738610062386
3433,-100.29736431236589
3434,14.478846316231001
3435,-121.3866199891903
3436,-78.83566833260161
3437,92.37891920725883
3438,25.06023384605576
3439,-30.777922136311698
3440,-35.01425408752378
3441,-49.180713017613975
3442,17.307293585619874
3443,-92.34617525873385
3444,-29.507869030145475
3445,-74.35810109349103
3446,-179.28163085149495
3447,99.00302756200821
3448,-139.25914840574606
3449,-26.982698709540912
3450,50.36603064983011
3451,11.374311815943848
3452,103.95768262885915
3453,-151.75151551189555
3454,-26.11462892906924
3455,1.5435644423940706
3456,161.43981631159906
3457,-114.08814160550938
3458,26.528566987058653
3459,-12.491694020018489
3460,-78.12829665541295
3461,76.74013039988209
3462,-37.14673713317167
3463,16.11131052271368
3464,-21.213693074397895
3465,2.6095410935358077
3466,146.6583274601242
3467,-67.7218149166852
3468,-13.696455637514177
3469,-14.956789855561862
3470,35.80289331009165
3471,-70.42702341942443
3472,54.773994378303136
3473,-43.77000203852626
3474,-72.86716434389874
3475,72.91670275347566
3476,-12.243590121692838
3477,-89.4897809473427
3478,41.51399843985977
3479,-28.092326101213892
3480,-32.82003228776027
3481,82.26348701856881
3482,102.91090543361905
3483,43.67393682272249
3484,89.44632187089555
3485,-131.28391842528924
3486,-9.243132939307552
3487,-77.43896774178688
3488,-36.121993107168635
3489,141.43364213085937
3490,152.64728124997384
3491,75.6793171162986
3492,-5.818756721325256
3493,-21.219794783272324
3494,-19.221822737174588
3495,113.46979569570043
3496,79.17311491070335
3497,-170.52762116188572
3498,49.87256340725948
3499,-11.809293668304493
3500,-147.3563548146079
3501,62.879058020918464
3502,-19.13486477014755
3503,44.20763506585211
3504,-55.29960831828789
3505,-24.64306048915496
3506,6.3531509265996355
3507,-102.6648954028876
3508,52.211880310580064
3509,-61.04581979107429
3510,23.888870323822886
3511,-73.65478089365742
3512,-95.30405360826913
3513,-115.37928844627362
3514,4.917319630485688
3515,-145.34220411740682
3516,7.058589221487535
3517,-37.54449826848424
3518,93.49277344023193
3519,38.50096138748449
3520,-22.105331198217268
3521,125.39424409602451
3522,-30.982422855702143
3523,-99.03045124076982
3524,-51.6702029392561
3525,88.1455877818249
3526,-84.95406200486137
3527,-65.88686320172204
3528,-236.29695763223575
3529,29.53746586551615
3530,-7.081431150126891
3531,-101.35411777860942
3532,-28.724239792052483
3533,29.27211216515147
3534,29.921652129327448
3535,-9.874139520169464
3536,-10.236931133909607
3537,-107.2823372576667
3538,47.56036014255659
3539,75.74231014093012
3540,31.796176359149342
3541,63.92692564943145
3542,-110.24525935262304
3543,-19.692669252156524
3544,-7.342703305336579
3545,-75.38441694236533
3546,44.27626952700314
3547,-4.951887316094808
3548,188.04811248284372
3549,3.2797814380662507
3550,-42.68587895406249
3551,-164.2928002872995
3552,13.269312463982715
3553,59.90403395821827
3554,25.367773453585105
3555,-166.30922450142995
3556,-76.47525230851416
3557,79.69830204240516
3558,-141.95761374071574
3559,-19.16739416848767
3560,22.305141783396667
3561,-129.07996034177674
3562,-101.95485717355484
3563,-38.52657257847803
3564,51.21223646994546
3565,-102.75054136667754
3566,0.2423785706097905
3567,13.551236254805886
3568,43.98336449430532
3569,-12.198670587979999
3570,-68.15111691395931
3571,-72.31783727448418
3572,-25.42000416998838
3573,-65.62441512431906
3574,-7.064575124555141
3575,-79.3385365458195
3576,-149.59241696011782
3577,60.935586936981544
3578,101.03946599446341
3579,-48.36829910893201
3580,-52.52928227710378
3581,37.69352409562843
3582,37.84186047372041
3583,19.73012395252681
3584,151.22636777930416
3585,-131.0145743601516
3586,-104.43268681173801
3587,-22.013187902981503
3588,-47.16065008276765
3589,-26.826482680349844
3590,-46.106094277679986
3591,-21.61698550766128
3592,45.55825878617379
3593,31.228587749510613
3594,-174.86585674753854
3595,-33.286180661224364
3596,-107.3061554178906
3597,60.64572291510964
3598,129.36739646191438
3599,174.34274734081112
3600,15.796536413509946
3601,-19.952784068416808
3602,66.3573144146589
3603,66.79362351372143
3604,-3.637618888214235
3605,113.34379345915036
3606,134.07331002927154
3607,9.894359900116713
3608,53.599733328336114
3609,-92.9799698198917
3610,-66.65635848916155
3611,-5.2227095097244245
3612,-5.842110390164795
3613,69.78798904575619
3614,63.62004492179342
3615,-22.660791430300314
3616,-23.37737676509622
3617,59.12332366974496
3618,145.14665787464057
3619,-52.63050540351576
3620,-145.66918826729298
3621,-22.045824428010203
3622,-69.57670403839627
3623,-2.078990200960597
3624,-34.22168105077208
3625,-59.31318558814744
3626,5.653579325748864
3627,-90.27572490166247
3628,10.54895668556527
3629,80.58063718221982
3630,4.2361405193629915
3631,69.35299385707951
3632,-148.58453596151827
3633,-100.22791936145464
3634,-212.53410050289418
3635,-11.314509388608164
3636,57.929425066288985
3637,-121.2710775110593
3638,-62.30321394957897
3639,-57.2134665440304
3640,47.67683023827909
3641,-242.02851872299726
3642,10.097032693268092
3643,139.10887907589492
3644,78.95410087343734
3645,-116.4720766654471
3646,23.077201378494767
3647,181.11162698403342
3648,-154.23446112416696
3649,-147.66727805997132
3650,-145.96871839527267
3651,-46.87298537612738
3652,47.18803712752761
3653,-57.784440468619096
3654,102.66285511539462
3655,-126.50608956805037
3656,78.96886121629919
3657,-23.221843678779504
3658,-28.26053060979454
3659,38.239868411297046
3660,-100.34016363346312
3661,-127.76956177653902
3662,144.88484579550817
3663,-9.681562744162738
3664,10.025895058768285
3665,55.55934250766771
3666,19.371559583511537
3667,-154.09924599843734
3668,27.23898526571994
3669,-70.10562980357129
3670,-117.596884947326
3671,-55.88676384769457
3672,146.35300002528325
3673,-13.344332345736124
3674,-44.109482211846476
3675,-97.92000219219155
3676,60.39979470777263
3677,29.7843008668674
3678,-2.4790966921252777
3679,31.775981174479938
3680,-60.17267318920763
3681,11.69331206969031
3682,118.12247889706165
3683,-4.819196793493537
3684,84.34407174880796
3685,-34.77428162230491
3686,-15.693647756925309
3687,-10.78564274972796
3688,30.598273764988384
3689,-38.230886870007836
3690,178.06011398070845
3691,6.664715408126703
3692,-221.68882229858207
3693,-146.15077609629154
3694,27.992098097265618
3695,-89.94986235106317
3696,-5.072763161399955
3697,-146.9901505414477
3698,-8.879281954465569
3699,57.5236997096369
3700,-49.856799556910474
3701,-65.67045429325799
3702,-164.83469392486353
3703,-41.84741347985782
3704,80.95238927566328
3705,-41.787130739836215
3706,-6.901432079421438
3707,-132.07485074129877
3708,89.44509686192187
3709,11.187039738334054
3710,32.55415673485005
3711,-95.79236538060728
3712,77.01741937214203
3713,62.672958642872786
3714,89.06127140990729
3715,-30.97737945056061
3716,105.13415091357427
3717,-24.72791444245856
3718,182.50319469048247
3719,13.980417812370641
3720,30.088017220919916
3721,47.155878932016854
3722,-84.99969734906638
3723,-80.90610294703718
3724,133.84790142796706
3725,12.380433174509069
3726,-128.60193571268937
3727,-144.19251712981165
3728,209.57914806160338
3729,-28.213471650181763
3730,-69.69124944321275
3731,21.301695423787642
3732,-78.45374145953832
3733,67.99440848704137
3734,14.086048967033715
3735,-40.1968837553161
3736,153.6035806650615
3737,27.517713196289336
3738,-2.009163194707956
3739,50.87106209515253
3740,-63.90106197902315
3741,92.98126041286554
3742,-182.02206476492856
3743,-13.399560797556394
3744,104.49088750763583
3745,-4.407109431272856
3746,112.39238783272536
3747,-20.851266343286404
3748,138.69991375071507
3749,-35.87967506520501
